numero_expediente	codigo_cpv	estado_licitacion	fecha_limite_presentacion	resumen_breve	importe_licitacion	importe_con_iva	valor_estimado_contrato	titulo	organo_contratacion	tipo_contrato	lugar_ejecucion	duracion_contrato	financiacion_ue	forma_presentacion	clasificacion	fuente	enlace	pdf	fecha_proceso
CONTR 2026 0000253511	31172000	Publicada	2026-10-14	Suministro e instalación de transformador 630 kVA para la alimentación eléctrica al bombeo del canal de remo de la presa de Cuevas del Almanzora, provincia de Almería	37500.0	45375.0	37500.0	Suministro e instalación transformador canal de remo Cuevas Almanzora	Agencia de Medio Ambiente y Agua de Andalucía	Suministros	Almeria / Andalucia	4 meses	No disponible	Electrónica	No tecnológica	Andalucía	https://www.juntadeandalucia.es/haciendayadministracionpublica/apl/pdc-front-publico/perfiles-licitaciones/detalle-licitacion?idExpediente=1009260	No disponible	2026-09-28T13:23:30+00:00
CONTR 2026 0000147697	85311300	Publicada	2026-10-13	El Programa Preventivo para niños, niñas y adolescentes en situación de dificultad y/o conflictividad en el ámbito familiar en la provincia de Málaga (Programa NAYFA)	250802.9	275883.19	520962.14	PROGRAMA PREVENTIVO PARA NIÑOS/AS,ADOLESCENTES SITUACIÓN DIFICULTAD NAYFA	Delegación Territorial de Inclusión Social, Juventud, Familias e Igualdad en Málaga	Servicios	Malaga / Andalucia	24 meses	No disponible	Electrónica	No tecnológica	Andalucía	https://www.juntadeandalucia.es/haciendayadministracionpublica/apl/pdc-front-publico/perfiles-licitaciones/detalle-licitacion?idExpediente=1009018	No disponible	2026-09-28T13:23:30+00:00
CONTR 2026 0000138888	79411100	Publicada	2026-10-07	Servicios a demanda relacionados con la internacionalización de empresas andaluzas en Tailandia	98369.6	119027.22	265597.92	Servicios a demanda relac.con la intern.de empresas adanluzas en Tailandia	Agencia Empresarial para la Transformación y el Desarrollo Económico	Servicios	Extra-Regio Nuts 1Extra-Regio Nuts 1 / Andalucia	2 años	Sí	Electrónica	No tecnológica	Andalucía	https://www.juntadeandalucia.es/haciendayadministracionpublica/apl/pdc-front-publico/perfiles-licitaciones/detalle-licitacion?idExpediente=1005586	No disponible	2026-09-28T13:23:30+00:00
003JUR2026	79111000	Publicada	2026-10-13	Servicios profesionales de apoyo especializado de asesoramiento jurídico y gestión laboral de nóminas	24720.0	29911.2	49440.0	Servicios profesionales de apoyo especializado de asesoramiento jurídico y gestión laboral de nóminas para la sociedad Parque Científico y Tecnológico Cartuja, S.A	Parque Científico y Tecnológico Cartuja, S.A.	Servicios	Sevilla / Andalucia	12 meses	No disponible	Electrónica	No tecnológica	Andalucía	https://www.juntadeandalucia.es/haciendayadministracionpublica/apl/pdc-front-publico/perfiles-licitaciones/detalle-licitacion?idExpediente=1009249	No disponible	2026-09-28T13:23:30+00:00
CONTR 2026 0000269899	71000000	Publicada	2026-10-13	00273/ISE/2026/JA - INSTALACIÓN DE BIOCLIMATIZACIÓN CON APOYO DE ENERGÍA FOTOVOLTAICA EN EL IES SIERRA MORENA DE ANDÚJAR	24793.38	30000.0	24793.38	273/ISE/2026/JA INST BIOCLIMATIZACIÓN Y FOTOV EN IES SIERRA MORENA, ANDÚJAR	Agencia Pública Andaluza de Educación	Servicios	Jaen / Andalucia	65 días	Sí	Electrónica	No tecnológica	Andalucía	https://www.juntadeandalucia.es/haciendayadministracionpublica/apl/pdc-front-publico/perfiles-licitaciones/detalle-licitacion?idExpediente=1009250	No disponible	2026-09-28T13:23:30+00:00
CR050-26-065	34100000, 34111200	Publicada	2026-10-05	SUMINISTRO MEDIANTE LA MODALIDAD DE RENTING DE UN VEHÍCULO ELÉCTRICO PARA LA FLOTA DE VEIASA	40500.0	49005.0	44550.0	SUMINISTRO MEDIANTE LA MODALIDAD DE RENTING DE UN VEHÍCULO ELÉCTRICO PARA LA FLOTA DE VEIASA	Verificaciones Industriales de Andalucía, S.A. (VEIASA)	Suministros	Andalucia	3 años	No disponible	Electrónica	No tecnológica	Andalucía	https://www.juntadeandalucia.es/haciendayadministracionpublica/apl/pdc-front-publico/perfiles-licitaciones/detalle-licitacion?idExpediente=1008316	No disponible	2026-09-28T13:23:30+00:00
CONTR 2026 0000179913	80410000	Publicada	2026-10-01	SERVICIO PARA LA VIGILANCIA Y ATENCIÓN AL ALUMNADO EN EL COMEDOR ESCOLAR EN LOS CENTROS DOCENTES PÚBLICOS	2603940.64	2603940.64	3124728.77	SERVICIO PARA LA VIGILANCIA Y ATENCIÓN AL ALUMNADO EN EL COMEDOR ESCOLAR EN	Delegación Territorial de Desarrollo Educativo y Formación Profesional y de Universidad, Investigación e Innovación en Sevilla	Servicios	Sevilla / Andalucia	Ver lotes	No disponible	Electrónica	No tecnológica	Andalucía	https://www.juntadeandalucia.es/haciendayadministracionpublica/apl/pdc-front-publico/perfiles-licitaciones/detalle-licitacion?idExpediente=982608	No disponible	2026-09-28T13:23:30+00:00
CONTR 2026 0000314680	79952000, 79952100	Publicada	2026-10-13	SERVICIOS DE CELEBRACIÓN DEL ACTO DE ENTREGA DE LOS PREMIOS ¿ANDALUCÍA DE LA CULTURA¿ EN SU EDICIÓN 2026	41322.31	50000.0	41322.31	"CELEBRACIÓN ACTO DE ENTREGA DE LOS PREMIOS ""ANDALUCIA DE LA CULTURA 2026"""	Consejería de Cultura y Deporte. Secretaría General Técnica (En Transición)	Servicios	Sevilla / Andalucia	2 meses	No disponible	Electrónica	No tecnológica	Andalucía	https://www.juntadeandalucia.es/haciendayadministracionpublica/apl/pdc-front-publico/perfiles-licitaciones/detalle-licitacion?idExpediente=1009199	No disponible	2026-09-28T13:23:30+00:00
CONTR 2026 0000272084	64200000, 79512000	Publicada	2026-10-14	Gestión del Sistema de Emergencias 112 Andalucía	30727806.39	37180645.73	67601174.06	Gestión del Sistema de Emergencias 112 Andalucía	Agencia de Emergencias de Andalucía	Servicios	Andalucia	2 años	No disponible	Electrónica	No tecnológica	Andalucía	https://www.juntadeandalucia.es/haciendayadministracionpublica/apl/pdc-front-publico/perfiles-licitaciones/detalle-licitacion?idExpediente=1009189	No disponible	2026-09-28T13:23:30+00:00
CONTR 2026 0000199321	50610000, 79710000, 79711000, 79713000	Publicada	2026-09-28	Contrato de Servicios de vigilancia y mantenimiento de sistemas con gestión de alarmas en edificio sita calle Compositor Lehmberg Ruiz, 22 de Málaga	264876.89	320501.04	715732.98	Contrato de Seguridad en Compositor Lehmberg Ruiz, 22	Delegación Territorial de Economía, Hacienda, Fondos Europeos y de Industria, Energía y Minas en Málaga	Servicios	Malaga / Andalucia	24 meses	No disponible	Electrónica	No tecnológica	Andalucía	https://www.juntadeandalucia.es/haciendayadministracionpublica/apl/pdc-front-publico/perfiles-licitaciones/detalle-licitacion?idExpediente=1006335	No disponible	2026-09-28T13:23:30+00:00
630020260030	44482100	Publicada	2026-10-14	"Suministro e instalación de 332 mangueras para bocas de incendio equipadas (BIE) en el Centro Penitenciario de Valencia ""Antoni Asunción Hernández""."	38844.0	-1.0	47001.24	"Suministro e instalación de 332 mangueras para bocas de incendio equipadas (BIE) en el Centro Penitenciario de Valencia ""Antoni Asunción Hernández""."	Dirección del Establecimiento Penitenciario de Valencia	"Suministros
Adquisición"	Valencia/Valencia / Espana	NotFound	No	Electrónica	No tecnológica	España	https://contrataciondelestado.es/wps/poc?uri=deeplink:detalle_licitacion&idEvl=Y8d0h3xZCCSAAM7L03kM8A%3D%3D	espana-630020260030-343e3035db_pliego_tecnico.pdf	2026-09-28T13:23:30+00:00
20267024-V	79100000, 79111000	Publicada	2026-10-13	Contrato de servicios de asesoramiento jurídico laboral para la Sociedad Estatal de Infraestructuras del Transporte Terrestre, S.M.E., S.A.	59350.0	-1.0	118700.0	Contrato de servicios de asesoramiento jurídico laboral para la Sociedad Estatal de Infraestructuras del Transporte Terrestre, S.M.E., S.A.	Presidencia del Consejo de Administración de la Sociedad Estatal de Infraestructuras del Transporte Terrestre, S.M.E., S.A.	"Servicios
Servicios jurídicos"	Espana	NotFound	No	Electrónica	No tecnológica	España	https://contrataciondelestado.es/wps/poc?uri=deeplink:detalle_licitacion&idEvl=B3W9Q1Lp%2BDucTfjQf3USOg%3D%3D	espana-20267024-v-2590abfb80_pliego_tecnico.pdf	2026-09-28T13:23:30+00:00
TSA0084115	32570000	Publicada	2026-10-14	UT3 Suministro de remotas para las obras: 0586084: Segunda convocatoria de PERTE Comunidad de Regantes Canal Bajo del Bierzo y 0586074: Segunda convocatoria de PERTE Comunidad de Regantes Ribera Alta del Porma, para la digitalización, pr...	29750.0	-1.0	29750.0	UT3 Suministro de remotas para las obras: 0586084: Segunda convocatoria de PERTE Comunidad de Regantes Canal Bajo del Bierzo y 0586074: Segunda convocatoria de PERTE Comunidad de Regantes Ribera Alta del Porma, para la digitalización, predictibilidad hidrológica y optimización de recursos hídricos y energéticos en el regadío modernizado, a adjudicar por procedimiento abierto simplificado	Empresa de Transformación Agraria S.A.,S.M.E., M.P., (TRAGSA)	"Suministros
Adquisición"	Leon / Espana	NotFound	Sí	Electrónica	No tecnológica	España	https://contrataciondelestado.es/wps/poc?uri=deeplink:detalle_licitacion&idEvl=p8e297PFOPsIYE3ZiZ%2BxmQ%3D%3D	espana-tsa0084115-501b669fb3_pliego_tecnico.pdf	2026-09-28T13:23:30+00:00
CONTR 2026 0000138888	79411100	Publicada	2026-10-07	Servicios a demanda relac.con la intern.de empresas adanluzas en Tailandia	98369.6	-1.0	265597.92	Servicios a demanda relac.con la intern.de empresas adanluzas en Tailandia	Agencia Empresarial para la Transformación y el Desarrollo Económico	Servicios	Extra-Regio Nuts 1 / Espana	NotFound	Sí	Electrónica	No tecnológica	España	https://contrataciondelestado.es/wps/poc?uri=deeplink:detalle_licitacion&idEvl=5isjvIlnDpxrhBlEHQFSKA%3D%3D	espana-contr-2026-0000138888-fab829a9c6_pliego_tecnico.pdf	2026-09-28T13:23:30+00:00
003JUR2026	79111000	Publicada	2026-10-13	Servicios profesionales de apoyo especializado de asesoramiento jurídico y gestión laboral de nóminas para la sociedad Parque Científico y Tecnológico Cartuja, S.A	24720.0	-1.0	49440.0	Servicios profesionales de apoyo especializado de asesoramiento jurídico y gestión laboral de nóminas para la sociedad Parque Científico y Tecnológico Cartuja, S.A	Parque Científico y Tecnológico Cartuja, S.A.	Servicios	Sevilla / Espana	NotFound	No	Electrónica	No tecnológica	España	https://contrataciondelestado.es/wps/poc?uri=deeplink:detalle_licitacion&idEvl=BQwdpNNH8HGOUi78BmzhOQ%3D%3D	espana-003jur2026-d980408a7b_pliego_tecnico.pdf	2026-09-28T13:23:30+00:00
CONTR 2026 0000269899	71000000	Publicada	2026-10-13	273/ise/2026/ja inst bioclimatización y fotov en ies sierra morena, andújar	24793.38	-1.0	24793.38	273/ise/2026/ja inst bioclimatización y fotov en ies sierra morena, andújar	Agencia Pública Andaluza de Educación	Servicios	Jaen / Espana	NotFound	Sí	Electrónica	No tecnológica	España	https://contrataciondelestado.es/wps/poc?uri=deeplink:detalle_licitacion&idEvl=BQwdpNNH8HE%2Bk2oCbDosIw%3D%3D	espana-contr-2026-0000269899-d50545e998_pliego_tecnico.pdf	2026-09-28T13:23:30+00:00
CR050-26-065	34111200, 34100000	Publicada	2026-10-05	suministro mediante la modalidad de renting de un vehículo eléctrico para la flota de veiasa	40500.0	-1.0	44550.0	suministro mediante la modalidad de renting de un vehículo eléctrico para la flota de veiasa	Verificaciones Industriales de Andalucía, S.A. (VEIASA)	Suministros	Andalucia / Espana	NotFound	No	Electrónica	No tecnológica	España	https://contrataciondelestado.es/wps/poc?uri=deeplink:detalle_licitacion&idEvl=Vk3aVISZAiQZDGvgaZEVxQ%3D%3D	espana-cr050-26-065-92f93fb921_pliego_tecnico.pdf	2026-09-28T13:23:30+00:00
21454/2026	92331210	Publicada	2026-10-13	Servicios para el desarrollo del Parque Infantil y Juvenil Chicolandia 2026-2027, en el Pabellón Ferial Esteban López Vega de Valdepeñas	28000.0	-1.0	28000.0	Servicios para el desarrollo del Parque Infantil y Juvenil Chicolandia 2026-2027, en el Pabellón Ferial Esteban López Vega de Valdepeñas	Alcaldía del Ayuntamiento de Valdepeñas	"Servicios
Servicios de esparcimiento, culturales y deportivos"	Ciudad Real (Valdepenas) / Espana	NotFound	No	Electrónica	No tecnológica	España	https://contrataciondelestado.es/wps/poc?uri=deeplink:detalle_licitacion&idEvl=zflNFC5p7T%2FyoM4us5k4vw%3D%3D	espana-21454-2026-a151085bbf_pliego_tecnico.pdf	2026-09-28T13:23:30+00:00
B909-2026-00003	70120000	Publicada	2026-09-30	Enajenación de solar	85000.0	-1.0	85000.0	Enajenación de solar	Ayuntamiento de Nabarniz-Pleno	Otros	Bizkaia / Espana	NotFound	No	Electrónica	No tecnológica	España	https://contrataciondelestado.es/wps/poc?uri=deeplink:detalle_licitacion&idEvl=5GUURlD4%2F85%2FR5QFTlaM4A%3D%3D	espana-b909-2026-00003-2bbd9ae25e_pliego_tecnico.pdf	2026-09-28T13:23:30+00:00
2026/71	85312100	Publicada	2026-10-08	Servicio de centro de día en Eskalantegi (Pasaia) para personas adultas con trastorno del espectro del autismo (TEA)	1125693.08	-1.0	2127417.19	Servicio de centro de día en Eskalantegi (Pasaia) para personas adultas con trastorno del espectro del autismo (TEA)	Diputación Foral de Gipuzkoa-Consejo de Gobierno Foral	Servicios	Gipuzkoa / Espana	NotFound	No	Electrónica	No tecnológica	España	https://contrataciondelestado.es/wps/poc?uri=deeplink:detalle_licitacion&idEvl=6OTnXSEiUdXECtSnloz%2BZQ%3D%3D	espana-2026-71-e7df9cf8e7_pliego_tecnico.pdf	2026-09-28T13:23:30+00:00
2026-029465	77311000	Publicada	2026-10-26	Servicio de Conservación y Mantenimiento de Parques, Jardines, Arbolado Urbano y Jardineras y el Servicio para la Evaluación del Riesgo del Arbolado Urbano de la Villa de Bilbao	58281690.97	-1.0	82334723.4	Servicio de Conservación y Mantenimiento de Parques, Jardines, Arbolado Urbano y Jardineras y el Servicio para la Evaluación del Riesgo del Arbolado Urbano de la Villa de Bilbao	Ayuntamiento de Bilbao-Junta de Gobierno de la Villa de Bilbao	Servicios	Bizkaia / Espana	NotFound	No	Electrónica	No tecnológica	España	https://contrataciondelestado.es/wps/poc?uri=deeplink:detalle_licitacion&idEvl=ovuZnD7NhobzAq95uGTrDQ%3D%3D	espana-2026-029465-49a0463f4f_pliego_tecnico.pdf	2026-09-28T13:23:30+00:00
2026/CO_ASUM/0015	35120000	Publicada	2026-10-16	Suministro, instalación y mantenimiento de sistema de videovigilancia en zona centro para el Ayuntamiento de Vitoria-Gasteiz	123966.94	-1.0	123966.94	Suministro, instalación y mantenimiento de sistema de videovigilancia en zona centro para el Ayuntamiento de Vitoria-Gasteiz	Ayuntamiento de Vitoria-Gasteiz-Junta de Gobierno Local	Suministros	Araba/Alava / Espana	NotFound	No	Electrónica	No tecnológica	España	https://contrataciondelestado.es/wps/poc?uri=deeplink:detalle_licitacion&idEvl=exkllgpp59V9Zh%2FyRJgM8w%3D%3D	espana-2026-co-asum-0015-d7ae9b49c3_pliego_tecnico.pdf	2026-09-28T13:23:30+00:00
2026-03687	85311300	Publicada	2026-10-13	Servicio de gestión, dinamización, coordinación y desarrollo del Gazteleku del Ayuntamiento de Abadiño.	18000.0	-1.0	86400.0	Servicio de gestión, dinamización, coordinación y desarrollo del Gazteleku del Ayuntamiento de Abadiño.	Ayuntamiento de la Anteiglesia de Abadiño-Alcaldía	Servicios	Bizkaia / Espana	NotFound	No	Electrónica	No tecnológica	España	https://contrataciondelestado.es/wps/poc?uri=deeplink:detalle_licitacion&idEvl=Gpf6TBt1I1gtm4eBPtV6eQ%3D%3D	espana-2026-03687-b16c6e7273_pliego_tecnico.pdf	2026-09-28T13:23:30+00:00
188/25	03400000	Publicada	2026-10-12	Enajenación mediante procedimiento abierto y con criterio único de adjudicación de 16 masas de aprovechamientos maderables en los montes de utilidad pública número 93 comunidad de Altube y número 94 comunidad de Basaude.	112350.0	-1.0	112350.0	Enajenación mediante procedimiento abierto y con criterio único de adjudicación de 16 masas de aprovechamientos maderables en los montes de utilidad pública número 93 comunidad de Altube y número 94 comunidad de Basaude.	Junta Administrativa Oiardo-Concejo de Oiardo	Otros	Araba/Alava / Espana	NotFound	No	Electrónica	No tecnológica	España	https://contrataciondelestado.es/wps/poc?uri=deeplink:detalle_licitacion&idEvl=XJBNOF3GvePyoM4us5k4vw%3D%3D	espana-188-25-8a8bdd0664_pliego_tecnico.pdf	2026-09-28T13:23:30+00:00
EKP 012/2026	71000000	Publicada	2026-10-05	Servicios de redacción de proyecto de ejecución y de dirección facultativa de las obras de reparación de patologías del edificio de la zona comercial del puerto deportivo de Hondarribia.	96650.0	-1.0	96650.0	Servicios de redacción de proyecto de ejecución y de dirección facultativa de las obras de reparación de patologías del edificio de la zona comercial del puerto deportivo de Hondarribia.	Ente Público Euskadiko Kirol Portuak-Dirección de Euskadiko Kirol Portuak	Servicios	Gipuzkoa / Espana	NotFound	No	Electrónica	No tecnológica	España	https://contrataciondelestado.es/wps/poc?uri=deeplink:detalle_licitacion&idEvl=1IHWs6Th268tm4eBPtV6eQ%3D%3D	espana-ekp-012-2026-d7e538313e_pliego_tecnico.pdf	2026-09-28T13:23:30+00:00
B052-2026-00015	98000000	Publicada	2026-10-13	"Contrato de servicios para la dinamización del programa ""Zahartze aktiboa-Envejecimiento activo"""	44000.0	-1.0	60500.0	"Contrato de servicios para la dinamización del programa ""Zahartze aktiboa-Envejecimiento activo"""	Ayuntamiento de Larrabetzu-Alcalde	Servicios	Bizkaia / Espana	NotFound	No	Electrónica	No tecnológica	España	https://contrataciondelestado.es/wps/poc?uri=deeplink:detalle_licitacion&idEvl=exkllgpp59WcCF8sV%2BqtYA%3D%3D	espana-b052-2026-00015-f4c867895c_pliego_tecnico.pdf	2026-09-28T13:23:30+00:00
B086-2026-00009	45212100	Publicada	2026-10-11	Obras de renovación del parque infantil de Santa Ana	497796.04	-1.0	497796.04	Obras de renovación del parque infantil de Santa Ana	Ayuntamiento de Sopuerta-Pleno	Obras	Bizkaia / Espana	NotFound	No	Electrónica	No tecnológica	España	https://contrataciondelestado.es/wps/poc?uri=deeplink:detalle_licitacion&idEvl=LVDsqbIoE%2F7%2Fa9DgO%2BoYKQ%3D%3D	espana-b086-2026-00009-57931210dc_pliego_tecnico.pdf	2026-09-28T13:23:30+00:00
B086-2026-00007	45233140	Publicada	2026-10-11	Obras de asfaltado y pintado de calles	895612.5	-1.0	895612.5	Obras de asfaltado y pintado de calles	Ayuntamiento de Sopuerta-Pleno	Obras	Bizkaia / Espana	NotFound	No	Electrónica	No tecnológica	España	https://contrataciondelestado.es/wps/poc?uri=deeplink:detalle_licitacion&idEvl=55VtAHNrTLZLAIVZdUs8KA%3D%3D	espana-b086-2026-00007-8341fa97cc_pliego_tecnico.pdf	2026-09-28T13:23:30+00:00
2026.57	39150000	Publicada	2026-10-26	Suministro y montaje de mobiliario medioambientalmente sostenible para la nueva sede de EITB en Vitoria	219100.0	-1.0	241010.0	Suministro y montaje de mobiliario medioambientalmente sostenible para la nueva sede de EITB en Vitoria	Grupo Euskal Irrati Telebista-Director/a General de EITB	Suministros	Araba/Alava / Espana	NotFound	No	Electrónica	No tecnológica	España	https://contrataciondelestado.es/wps/poc?uri=deeplink:detalle_licitacion&idEvl=%2BxNQkODphT3VGIpKDxgsAQ%3D%3D	espana-2026-57-6721fff829_pliego_tecnico.pdf	2026-09-28T13:23:30+00:00
2026/08	45211000	Publicada	2026-10-21	Obras de construcción de un bloque de 9 viviendas y garajes en la parcela AD-1-3 (Elizondo 3) de Olaberria	2889321.2	-1.0	2889321.2	Obras de construcción de un bloque de 9 viviendas y garajes en la parcela AD-1-3 (Elizondo 3) de Olaberria	Ayuntamiento de Olaberria-Pleno	Obras	Gipuzkoa / Espana	NotFound	No	Electrónica	No tecnológica	España	https://contrataciondelestado.es/wps/poc?uri=deeplink:detalle_licitacion&idEvl=XJBNOF3GvePE6P%2FuLemXRw%3D%3D	espana-2026-08-514712d8e7_pliego_tecnico.pdf	2026-09-28T13:23:30+00:00
2026/01714	33100000	Publicada	2026-10-13	Suministro de equipamiento para Atención Primaria	1506820.0	-1.0	1808184.0	Suministro de equipamiento para Atención Primaria	OSAKIDETZA - Servicio Vasco de Salud -Director General	Suministros	Araba/Alava / Espana	NotFound	No	Electrónica	No tecnológica	España	https://contrataciondelestado.es/wps/poc?uri=deeplink:detalle_licitacion&idEvl=exkllgpp59Xua%2Fi14w%2FPLA%3D%3D	espana-2026-01714-8c2720ce45_pliego_tecnico.pdf	2026-09-28T13:23:30+00:00
PcPG/2026/829162	33190000	Publicada	2026-10-02	AB-GLR1-26-055. Suministro de un ecógrafo para la Unidad de Oncología Radioterápica gestionada por Galaria Empresa Pública de Servicios Sanitarios S.A en él Hospital Meixoeiro de Vigo	50820.0	-1.0	0.0	AB-GLR1-26-055. Suministro de un ecógrafo para la Unidad de Oncología Radioterápica gestionada por Galaria Empresa Pública de Servicios Sanitarios S.A en él Hospital Meixoeiro de Vigo	Consellería de Sanidade- SERGAS	Suministros	A Coruna / Espana	NotFound	No	Manual	No tecnológica	España	https://contrataciondelestado.es/wps/poc?uri=deeplink:detalle_licitacion&idEvl=XvuCGCgbGdnIGlsa0Wad%2Bw%3D%3D	espana-pcpg-2026-829162-1e3f6fc3dc_pliego_tecnico.pdf	2026-09-28T13:23:30+00:00
1404/2026	45453000	Publicada	2026-10-12	"obras de ""Acondicionamento e Mellora do espazo lúdico termal de Salvaterra de Miño"" mediante Lotes"	88000.0	-1.0	88000.0	"obras de ""Acondicionamento e Mellora do espazo lúdico termal de Salvaterra de Miño"" mediante Lotes"	Junta de Gobierno Local del Ayuntamiento de Salvaterra de Miño	"Obras
Acabado de edificios y obras"	Pontevedra (Salvaterra De Mino) / Espana	NotFound	No	Electrónica	No tecnológica	España	https://contrataciondelestado.es/wps/poc?uri=deeplink:detalle_licitacion&idEvl=G1CfFSpFbsXzAq95uGTrDQ%3D%3D	espana-1404-2026-ec5c1accf2_pliego_tecnico.pdf	2026-09-28T13:23:30+00:00
1649106A	15981000	Publicada	2026-10-16	Suministro de hielo y agua para las actividades del Circuito de Velocidad de Albacete.	6150.0	-1.0	6765.0	Suministro de hielo y agua para las actividades del Circuito de Velocidad de Albacete.	Presidencia del Consorcio Circuito de Velocidad de Albacete	"Suministros
Adquisición"	Albacete / Castilla-La Mancha	NotFound	No	Electrónica	No tecnológica	España	https://contrataciondelestado.es/wps/poc?uri=deeplink:detalle_licitacion&idEvl=MaNV40gGgTfIGlsa0Wad%2Bw%3D%3D	espana-1649106a-a5bbcb897b_pliego_tecnico.pdf	2026-09-28T13:23:30+00:00
26/036	71310000	Publicada	2026-10-19	Dirección de obra, asistencia técnica y coordinación de seguridad y salud de las obras de sustitución de cuatro escaleras mecánicas, por dos de obra y dos mecánicas, en las estaciones de Benimamet y Carolines Fira.	126933.73	-1.0	126933.73	Dirección de obra, asistencia técnica y coordinación de seguridad y salud de las obras de sustitución de cuatro escaleras mecánicas, por dos de obra y dos mecánicas, en las estaciones de Benimamet y Carolines Fira.	Gerencia de Ferrocarrils de la Generalitat Valenciana	"Servicios
Servicios de arquitectura; servicios de ingeniería y servicios integrados de ingeniería; servicios de planificación urbana y servicios de arquitectura paisajista. Servicios conexos de consultores en ciencia y tecnología. Servicios de ensayos y anílisis técnicos"	Valencia/Valencia / Espana	NotFound	No	Electrónica	No tecnológica	España	https://contrataciondelestado.es/wps/poc?uri=deeplink:detalle_licitacion&idEvl=Yi%2FDsD4CLDqAAM7L03kM8A%3D%3D	espana-26-036-0c11bfd4c7_pliego_tecnico.pdf	2026-09-28T13:23:30+00:00
300/2026/01990	39710000	Publicada	2026-10-09	Suministro de electrodomésticos y el servicio de desmontaje, traslado y puesta en marcha de elementos de cocina del antiguo centro de mayores La Guindalera a la nueva ubicación.	74372.7	-1.0	74372.7	Suministro de electrodomésticos y el servicio de desmontaje, traslado y puesta en marcha de elementos de cocina del antiguo centro de mayores La Guindalera a la nueva ubicación.	Distrito de Salamanca	"Suministros
Adquisición"	Madrid / Espana	NotFound	No	Electrónica	No tecnológica	España	https://contrataciondelestado.es/wps/poc?uri=deeplink:detalle_licitacion&idEvl=w3Tdovu9AqucTfjQf3USOg%3D%3D	espana-300-2026-01990-6ada72e4d4_pliego_tecnico.pdf	2026-09-28T13:23:30+00:00
6799/2021	45233140, 45223500, 45233222, 45262620	Publicada	2026-10-26	Remate de ampliación de paso superior y contención de tierras en el PK 161+500 de la linea 810 de Adif, Os Valos, Redondela (Plan Máis Provincia 2025)	123792.58	-1.0	123792.58	Remate de ampliación de paso superior y contención de tierras en el PK 161+500 de la linea 810 de Adif, Os Valos, Redondela (Plan Máis Provincia 2025)	Alcaldía del Ayuntamiento de Redondela	"Obras
Otras construcciones especializadas"	Pontevedra / Espana	NotFound	No	Electrónica	No tecnológica	España	https://contrataciondelestado.es/wps/poc?uri=deeplink:detalle_licitacion&idEvl=AY1MV%2B7PljPua%2Fi14w%2FPLA%3D%3D	espana-6799-2021-7072a254ce_pliego_tecnico.pdf	2026-09-28T13:23:30+00:00
8029_4/2026	55000000	Publicada	2026-10-13	Contrato de explotación del Bar de Arellano	0.0	-1.0	0.0	Contrato de explotación del Bar de Arellano	Pleno del Ayuntamiento de Arellano	Gestion de Servicios Públicos	Navarra / Espana	NotFound	No	Electrónica	No tecnológica	España	https://contrataciondelestado.es/wps/poc?uri=deeplink:detalle_licitacion&idEvl=w9YuUNwCWy%2BS81gZFETWmA%3D%3D	espana-8029-4-2026-1413af4db2_pliego_tecnico.pdf	2026-09-28T13:23:30+00:00
6218/2026	45233252	Publicada	2026-10-19	Obras de renovación de aceras en Calle Baltasar Gracián y otras	86124.81	-1.0	86124.81	Obras de renovación de aceras en Calle Baltasar Gracián y otras	Alcaldía del Ayuntamiento de Bullas	"Obras
Construcción"	Murcia (Bullas) / Region De Murcia	NotFound	No	Electrónica	No tecnológica	España	https://contrataciondelestado.es/wps/poc?uri=deeplink:detalle_licitacion&idEvl=EoLq0KGCu%2FykU02jNGj1Fw%3D%3D	espana-6218-2026-34655920f1_pliego_tecnico.pdf	2026-09-28T13:23:30+00:00
PA A/SER-019420/2026	50420000	Publicada	2026-10-27	Servicio de mantenimiento de equipos electromédicos del Hospital Universitario Santa Cristina	89330.1	-1.0	285856.32	Servicio de mantenimiento de equipos electromédicos del Hospital Universitario Santa Cristina	Hospital Universitario Santa Cristina	Servicios	Madrid / Espana	NotFound	No	Electrónica	No tecnológica	España	https://contrataciondelestado.es/wps/poc?uri=deeplink:detalle_licitacion&idEvl=4c3pWOvT2Of%2Fa9DgO%2BoYKQ%3D%3D	espana-pa-a-ser-019420-2026-ffa1e9a3dc_pliego_tecnico.pdf	2026-09-28T13:23:30+00:00
82-2026	45232421, 45232420	Publicada	2026-10-09	Obras del proyecto de Construcción para la adecuación al PNCA de la EDAR de la Poveda y redacción del proyecto y ejecución de las obras del Tratamiento cuaternario de la EDAR la Poveda (T.M. Arganda del Rey)	79450913.81	-1.0	79450913.81	Obras del proyecto de Construcción para la adecuación al PNCA de la EDAR de la Poveda y redacción del proyecto y ejecución de las obras del Tratamiento cuaternario de la EDAR la Poveda (T.M. Arganda del Rey)	Canal de Isabel II, S.A.	Obras	Madrid / Espana	NotFound	No	Electrónica	No tecnológica	España	https://contrataciondelestado.es/wps/poc?uri=deeplink:detalle_licitacion&idEvl=92jXQQ5%2FS1d%2FR5QFTlaM4A%3D%3D	espana-82-2026-25c94dbd44_pliego_tecnico.pdf	2026-09-28T13:23:30+00:00
PA 19-26	50421000	Publicada	2026-10-13	PA 19-26 contratación, por la fundación para la investigación biomédica del hospital clínico san carlos, de un servicio de inventario (material adquirido y cedido) y mantenimiento de equipamiento, por procedimiento abierto con pluralidad...	29587.0	-1.0	153852.0	PA 19-26 contratación, por la fundación para la investigación biomédica del hospital clínico san carlos, de un servicio de inventario (material adquirido y cedido) y mantenimiento de equipamiento, por procedimiento abierto con pluralidad de criterios no sujeto a regulación armonizada	Fundación para la Investigación Biomédica del Hospital Clínico San Carlos	Servicios	Madrid / Espana	NotFound	No	Electrónica	No tecnológica	España	https://contrataciondelestado.es/wps/poc?uri=deeplink:detalle_licitacion&idEvl=ucpcIZ%2FV9hd%2BF6L2uCfUWg%3D%3D	espana-pa-19-26-9c06f3f752_pliego_tecnico.pdf	2026-09-28T13:23:30+00:00
3318/2026	45236210, 45000000, 45236200	Publicada	2026-10-19	Contratación de las obras de remodelación y adecuación de parques infantiles en las pedanías de Cañada de la Cruz y Benizar, Moratalla.	47103.3	-1.0	47103.3	Contratación de las obras de remodelación y adecuación de parques infantiles en las pedanías de Cañada de la Cruz y Benizar, Moratalla.	Alcaldía del Ayuntamiento de Moratalla	"Obras
Construcción"	Murcia / Espana	NotFound	No	Electrónica	No tecnológica	España	https://contrataciondelestado.es/wps/poc?uri=deeplink:detalle_licitacion&idEvl=n0Csso24vh4%2Bk2oCbDosIw%3D%3D	espana-3318-2026-286505c85e_pliego_tecnico.pdf	2026-09-28T13:23:30+00:00
202600000261	72267100	Publicada	2026-10-13	Servicio del mantenimiento preventivo, correctivo y evolutivo del sistema de información dinámica del Museo Nacional Centro de Arte Reina Sofía	28000.0	-1.0	56000.0	Servicio del mantenimiento preventivo, correctivo y evolutivo del sistema de información dinámica del Museo Nacional Centro de Arte Reina Sofía	Dirección del Museo Nacional Centro de Arte Reina Sofía	"Servicios
Otros servicios"	Madrid / Espana	NotFound	No	Electrónica	Software y desarrollo	España	https://contrataciondelestado.es/wps/poc?uri=deeplink:detalle_licitacion&idEvl=7wsUUO3UWnFrSd8H4b2soA%3D%3D	espana-202600000261-5eb95a24be_pliego_tecnico.pdf	2026-09-28T13:23:30+00:00
10337/2026	63721200	Publicada	2026-10-30	Elección de la solución más ventajosa para el otorgamiento de una concesión administrativa para la gestión y explotación de puestos de amarre para embarcaciones de recreo, zona de varadero y estación de suministro de combustibles, con un...	235000.0	-1.0	4700000.0	Elección de la solución más ventajosa para el otorgamiento de una concesión administrativa para la gestión y explotación de puestos de amarre para embarcaciones de recreo, zona de varadero y estación de suministro de combustibles, con una superficie total de 26.358,07 m2 de zona de dominio público portuario, situado en el puerto deportivo de Cala'n Bosch, T.M Ciutadella (Menorca).	Puertos de las Illes Balears	Concesión de Servicios	Menorca / Espana	NotFound	No	Electrónica	No tecnológica	España	https://contrataciondelestado.es/wps/poc?uri=deeplink:detalle_licitacion&idEvl=3aY2D1PwCNfVGIpKDxgsAQ%3D%3D	espana-10337-2026-04f7941b6b_pliego_tecnico.pdf	2026-09-28T13:23:30+00:00
2026/12370B	85210000, 85200000, 90720000, 98380000	Publicada	2026-10-13	Servicio de Gestión y Asistencia para el Bienestar Animal de Burjassot	365143.17	-1.0	608571.95	Servicio de Gestión y Asistencia para el Bienestar Animal de Burjassot	Junta de Gobierno del Ayuntamiento de Burjassot	"Servicios
Otros servicios"	Valencia/Valencia / Espana	NotFound	No	Electrónica	No tecnológica	España	https://contrataciondelestado.es/wps/poc?uri=deeplink:detalle_licitacion&idEvl=senB992qPYvyoM4us5k4vw%3D%3D	espana-2026-12370b-5f76619c02_pliego_tecnico.pdf	2026-09-28T13:23:30+00:00
2026/ABSSUM027	48460000	Publicada	2026-10-14	Suministro de licencias de Matlab Tah	127641.57	-1.0	127641.57	Suministro de licencias de Matlab Tah	Rectorado de la Universidad de Cantabria	"Suministros
Adquisición"	Cantabria / Espana	NotFound	No	Electrónica	Software y desarrollo	España	https://contrataciondelestado.es/wps/poc?uri=deeplink:detalle_licitacion&idEvl=UsSg%2Fg5rWAcQyBAnWzHfCg%3D%3D	espana-2026-abssum027-bf20d4f64d_pliego_tecnico.pdf	2026-09-28T13:23:30+00:00
550/2025	45233220	Publicada	2026-10-19	Mejora de infraestructuras viarias en el interior del polígono industrial Merlín, Agolada.	118310.75	-1.0	118310.75	Mejora de infraestructuras viarias en el interior del polígono industrial Merlín, Agolada.	Alcaldía del Ayuntamiento de Agolada	"Obras
Construcción de autopistas,carreteras, campos de aterrizaje, vías férreas y centros deportivos"	Pontevedra / Espana	NotFound	No	Electrónica	No tecnológica	España	https://contrataciondelestado.es/wps/poc?uri=deeplink:detalle_licitacion&idEvl=6dsqKRHHpqR9PLkba5eRog%3D%3D	espana-550-2025-87ef8d8ee5_pliego_tecnico.pdf	2026-09-28T13:23:30+00:00
5100074961 DESCARGAS AL MAR 573	14622000, 44162300, 44163100, 44164310	Publicada	2026-10-02	La presente licitación tiene por objeto la contratación del suministro de descargas al mar	28000.0	-1.0	28000.0	La presente licitación tiene por objeto la contratación del suministro de descargas al mar	Comité Central de Compras de Navantia S.A., S.M.E.	"Suministros
Adquisición"	Cadiz / Espana	NotFound	No	Electrónica	No tecnológica	España	https://contrataciondelestado.es/wps/poc?uri=deeplink:detalle_licitacion&idEvl=0phm%2BOU74SuExvMJXBMHHQ%3D%3D	espana-5100074961-descargas-al-mar-573-283b3b925f_pliego_tecnico.pdf	2026-09-28T13:23:30+00:00
6711/2026	34100000, 34136100, 34144900, 34410000	Publicada	2026-10-13	El objeto de este pliego es establecer las prescripciones técnicas que han de regir la selección de las empresas suministradoras de vehículos eléctricos a motor adscritos a la prestación de servicios públicos municipales, de la línea de ...	34467.96	-1.0	34467.96	El objeto de este pliego es establecer las prescripciones técnicas que han de regir la selección de las empresas suministradoras de vehículos eléctricos a motor adscritos a la prestación de servicios públicos municipales, de la línea de subvención para financiar inversiones para la adquisición de vehículos , por lotes, subvencionado por la Excma. Diputación Provincial de Sevilla.	Alcaldía del Ayuntamiento de Lora del Río	"Suministros
Adquisición"	Sevilla / Espana	NotFound	No	Electrónica	No tecnológica	España	https://contrataciondelestado.es/wps/poc?uri=deeplink:detalle_licitacion&idEvl=cZ%2F95U31omg2wEhQbcAqug%3D%3D	espana-6711-2026-0247ee715e_pliego_tecnico.pdf	2026-09-28T13:23:30+00:00
300/2026/00269	50750000	Publicada	2026-10-14	Reparación de deficiencias en ascensores de edificios de uso deportivo y en edificios y espacios públicos del Distrito de Tetuán, derivadas de inspecciones reglamentarias y actualización normativa.	19595.56	-1.0	19595.56	Reparación de deficiencias en ascensores de edificios de uso deportivo y en edificios y espacios públicos del Distrito de Tetuán, derivadas de inspecciones reglamentarias y actualización normativa.	Distrito de Tetuán	"Servicios
Servicios de mantenimiento y reparación"	Madrid / Espana	NotFound	No	Electrónica	No tecnológica	España	https://contrataciondelestado.es/wps/poc?uri=deeplink:detalle_licitacion&idEvl=My6uozJC9jcadbH3CysQuQ%3D%3D	espana-300-2026-00269-ebe7e34665_pliego_tecnico.pdf	2026-09-28T13:23:30+00:00
489/2026	34142300	Publicada	2026-10-13	Suministro: Camión Volquete	50503.83	-1.0	50503.83	Suministro: Camión Volquete	Alcaldía del Ayuntamiento de Corpa	"Suministros
Adquisición"	Madrid (Corpa) / Comunidad De Madrid	NotFound	No	Electrónica	No tecnológica	España	https://contrataciondelestado.es/wps/poc?uri=deeplink:detalle_licitacion&idEvl=YVIbnJz9rM3yoM4us5k4vw%3D%3D	espana-489-2026-7488854153_pliego_tecnico.pdf	2026-09-28T13:23:30+00:00
112/26	45000000	Publicada	2026-10-20	Remodelación del skatepark situado en Av. Pintor Manuel Barbadillo.	83296.76	-1.0	83296.76	Remodelación del skatepark situado en Av. Pintor Manuel Barbadillo.	Junta de Gobierno del Ayuntamiento de Málaga	"Obras
Construcción"	Malaga / Espana	NotFound	No	Electrónica	No tecnológica	España	https://contrataciondelestado.es/wps/poc?uri=deeplink:detalle_licitacion&idEvl=OYWDYgwl6Sw36J9Lctlsuw%3D%3D	espana-112-26-55d8180b03_pliego_tecnico.pdf	2026-09-28T13:23:30+00:00
TSA0084133	14622000	Publicada	2026-10-13	[UT4] Suministro de acero corrugado y malla electrosoldada para la terminación de las obras de ampliación y sustitución parcial del C.E.I.P Andrés Arango en Velada (Toledo), financiado mediante fondos FEDER.	13617.6	-1.0	13617.6	[UT4] Suministro de acero corrugado y malla electrosoldada para la terminación de las obras de ampliación y sustitución parcial del C.E.I.P Andrés Arango en Velada (Toledo), financiado mediante fondos FEDER.	Empresa de Transformación Agraria S.A.,S.M.E., M.P., (TRAGSA)	"Suministros
Adquisición"	Toledo / Espana	NotFound	Sí	Electrónica	No tecnológica	España	https://contrataciondelestado.es/wps/poc?uri=deeplink:detalle_licitacion&idEvl=RzLY5qH1WEaS81gZFETWmA%3D%3D	espana-tsa0084133-1867b011bd_pliego_tecnico.pdf	2026-09-28T13:23:30+00:00
C-332A/005-26 (A/SER-035722/2026)	79956000	Publicada	2026-10-07	Servicio de montaje, desmontaje y mantenimiento de la exposición “Gabriel Carvajal-Arganzuela. Un recorrido visual por nuestro barrio”, que se celebrará en el espacio Zonacero del Archivo Regional de la Comunidad de Madrid	29920.44	-1.0	29920.44	Servicio de montaje, desmontaje y mantenimiento de la exposición “Gabriel Carvajal-Arganzuela. Un recorrido visual por nuestro barrio”, que se celebrará en el espacio Zonacero del Archivo Regional de la Comunidad de Madrid	Consejería de Cultura, Turismo y Deporte	Servicios	Madrid / Espana	NotFound	No	Electrónica	No tecnológica	España	https://contrataciondelestado.es/wps/poc?uri=deeplink:detalle_licitacion&idEvl=5YNRX29oEgqIzo3LHNPGcQ%3D%3D	espana-c-332a-005-26-a-ser-035722-2026-1bb10fd2b8_pliego_tecnico.pdf	2026-09-28T13:23:30+00:00
A/SUM-039785/2026	24111000	Publicada	2026-10-30	Este contrato tiene por objeto el suministro de gases medicinales (y otros) envasados del Hospital Universitario del Sureste, cuyas características se especifican en el pliego de prescripciones técnicas particulares	208710.07	-1.0	417420.14	Este contrato tiene por objeto el suministro de gases medicinales (y otros) envasados del Hospital Universitario del Sureste, cuyas características se especifican en el pliego de prescripciones técnicas particulares	Hospital Universitario del Sureste	Suministros	Madrid / Espana	NotFound	No	Electrónica	No tecnológica	España	https://contrataciondelestado.es/wps/poc?uri=deeplink:detalle_licitacion&idEvl=C3pgSKCTwBucCF8sV%2BqtYA%3D%3D	espana-a-sum-039785-2026-aaf1653573_pliego_tecnico.pdf	2026-09-28T13:23:30+00:00
1159/2026	43200000, 14211000, 18444200, 44114000, 44912100, 45316100, 90513000	Publicada	2026-10-13	Contrato mixto de servicios y suministro de materiales para la pavimentación e instalaciones de Tramo I de Calle Hospital de Dos Torres con cargo al PFEA 2026-Garantía de rentas	22416.15	-1.0	22416.15	Contrato mixto de servicios y suministro de materiales para la pavimentación e instalaciones de Tramo I de Calle Hospital de Dos Torres con cargo al PFEA 2026-Garantía de rentas	Junta de Gobierno (Por Delegación del Pleno) de Ayuntamiento de Dos Torres	"Suministros
Adquisición"	Cordoba (Dos Torres) / Espana	NotFound	No	Electrónica	No tecnológica	España	https://contrataciondelestado.es/wps/poc?uri=deeplink:detalle_licitacion&idEvl=DN2I4OdSfUusNfRW6APEDw%3D%3D	espana-1159-2026-ad1f41fa85_pliego_tecnico.pdf	2026-09-28T13:23:30+00:00
116/2026	45232410, 45232150, 45232400	Publicada	2026-10-13	Mejora de la eficiencia energética del ciclo hidráulico en vías urbanas de Priego (cuenca)	76062.63	-1.0	76062.63	Mejora de la eficiencia energética del ciclo hidráulico en vías urbanas de Priego (cuenca)	Alcaldía del Ayuntamiento de Priego	"Obras
Obras hidráulicas"	Cuenca (Priego) / Espana	NotFound	No	Electrónica	No tecnológica	España	https://contrataciondelestado.es/wps/poc?uri=deeplink:detalle_licitacion&idEvl=ftyhj%2B96LuFSYrkJkLlFdw%3D%3D	espana-116-2026-7f8e4cc0d4_pliego_tecnico.pdf	2026-09-28T13:23:30+00:00
CM/27-2026/AS	66512200	Publicada	2026-10-16	Contrato de Servicio de Asistencia Médica para el colectivo de trabajadores de la Empresa de Gestión de Medios de Comunicación de Málaga (CANAL MÁlaga RTVM), así como para los familiares de estos que así lo deseen.	68040.0	-1.0	68040.0	Contrato de Servicio de Asistencia Médica para el colectivo de trabajadores de la Empresa de Gestión de Medios de Comunicación de Málaga (CANAL MÁlaga RTVM), así como para los familiares de estos que así lo deseen.	Gerencia de la Empresa Municipal de Gestión de Medios de Comunicación de Málaga, S.A.	"Servicios
Servicios sociales y de salud"	Malaga / Espana	NotFound	No	Electrónica	No tecnológica	España	https://contrataciondelestado.es/wps/poc?uri=deeplink:detalle_licitacion&idEvl=9IxLOLL7VepxseVhcqrkhw%3D%3D	espana-cm-27-2026-as-1cad702c98_pliego_tecnico.pdf	2026-09-28T13:23:30+00:00
2026/LIC/0070	72268000, 72267000	Publicada	2026-10-16	Servicio de asistente virtual para consulta asistencial basado en inteligencia artificial para Egarsat, Mutua Colaboradora con la Seguridad Social nº276	47100.0	-1.0	66600.0	Servicio de asistente virtual para consulta asistencial basado en inteligencia artificial para Egarsat, Mutua Colaboradora con la Seguridad Social nº276	Gerencia de EGARSAT	"Servicios
Servicios de informática y servicios conexos"	Barcelona (Sant Cugat Del Valles) / Cataluna	NotFound	No	Electrónica	No tecnológica	España	https://contrataciondelestado.es/wps/poc?uri=deeplink:detalle_licitacion&idEvl=FEOMABM2y%2Ffi0Kd8%2Brcp6w%3D%3D	espana-2026-lic-0070-99148040be_pliego_tecnico.pdf	2026-09-28T13:23:30+00:00
SAS_Z2_2027_PAS_76	33651400	Publicada	2026-10-13	Suministro de Axitinib y Pazopanib para el Servicio de Farmacia del Hospital Universitario Miguel Servet y Hospital General de la Defensa de Zaragoza	106285.16	-1.0	127542.19	Suministro de Axitinib y Pazopanib para el Servicio de Farmacia del Hospital Universitario Miguel Servet y Hospital General de la Defensa de Zaragoza	Gerencia Sector Sanitario de Zaragoza 2	"Suministros
Adquisición"	Zaragoza / Espana	NotFound	No	Electrónica	No tecnológica	España	https://contrataciondelestado.es/wps/poc?uri=deeplink:detalle_licitacion&idEvl=4TgwPx2qmCAadbH3CysQuQ%3D%3D	espana-sas-z2-2027-pas-76-7329990439_pliego_tecnico.pdf	2026-09-28T13:23:30+00:00
2104/2026	45233140	Publicada	2026-10-13	"Obra recogida en el proyecto de ejecución ""Remodelación de acerado en carretera Puente Nuevo"" en la ciudad de Coria (Cáceres)."	20455.1	-1.0	20455.1	"Obra recogida en el proyecto de ejecución ""Remodelación de acerado en carretera Puente Nuevo"" en la ciudad de Coria (Cáceres)."	Alcaldía del Ayuntamiento de Coria	"Obras
Otras construcciones especializadas"	Caceres (Coria) / Espana	NotFound	No	Electrónica	No tecnológica	España	https://contrataciondelestado.es/wps/poc?uri=deeplink:detalle_licitacion&idEvl=SbDZEwznikkS7pcxhTeWOg%3D%3D	espana-2104-2026-810e01368c_pliego_tecnico.pdf	2026-09-28T13:23:30+00:00
6139/2026	45000000	Publicada	2026-10-19	Obras de acondicionamiento del Estanque Fuete de La Rafa, entre las calles del Romero y Poeta Alfonso Carreño en Bullas	70247.84	-1.0	70247.84	Obras de acondicionamiento del Estanque Fuete de La Rafa, entre las calles del Romero y Poeta Alfonso Carreño en Bullas	Alcaldía del Ayuntamiento de Bullas	"Obras
Construcción"	Murcia (Bullas) / Region De Murcia	NotFound	No	Electrónica	No tecnológica	España	https://contrataciondelestado.es/wps/poc?uri=deeplink:detalle_licitacion&idEvl=pBfqUgRecAC2gkLQ8TeYKA%3D%3D	espana-6139-2026-79a7bb397f_pliego_tecnico.pdf	2026-09-28T13:23:30+00:00
11010/2026	45232151, 45223200, 45232410, 45450000	Publicada	2026-10-19	"Contractació d'obres del ""Projecte de rehabilitació de la infraestructura del dipòsit d'aigua PROMISA"	656467.79	-1.0	656467.79	"Contractació d'obres del ""Projecte de rehabilitació de la infraestructura del dipòsit d'aigua PROMISA"	Alcaldía del Ayuntamiento de Sant Josep de sa Talaia	"Obras
Construcción"	Illes Balears (Sant Josep De Sa Talaia) / Espana	NotFound	No	Electrónica	No tecnológica	España	https://contrataciondelestado.es/wps/poc?uri=deeplink:detalle_licitacion&idEvl=cGaBFAcdovzi0Kd8%2Brcp6w%3D%3D	espana-11010-2026-76283f5683_pliego_tecnico.pdf	2026-09-28T13:23:30+00:00
215/2026	48218000	Publicada	2026-10-14	Adquisición software de gestión integral de parques de bomberos para el Servicio de Extinción de Incendios del Ayuntamiento de Santander	120960.0	-1.0	120960.0	Adquisición software de gestión integral de parques de bomberos para el Servicio de Extinción de Incendios del Ayuntamiento de Santander	Junta de Gobierno del Ayuntamiento de Santander	"Suministros
Adquisición"	Cantabria (Santander) / Cantabria	NotFound	No	Electrónica	Software y desarrollo	España	https://contrataciondelestado.es/wps/poc?uri=deeplink:detalle_licitacion&idEvl=5NW71RPzGTx%2BF6L2uCfUWg%3D%3D	espana-215-2026-e0a84c4314_pliego_tecnico.pdf	2026-09-28T13:23:30+00:00
EASP26 036	63510000	Publicada	2026-10-13	Contratación del Servicio de Agencia de Viajes para la Misión Comercial Directa Vietnam 2026.	19200.0	-1.0	19200.0	Contratación del Servicio de Agencia de Viajes para la Misión Comercial Directa Vietnam 2026.	Consejería Delegada de Extremadura Avante Servicios Avanzados a Pymes, S.L.U.	"Servicios
Otros servicios"	Espana	NotFound	Sí	Electrónica	No tecnológica	España	https://contrataciondelestado.es/wps/poc?uri=deeplink:detalle_licitacion&idEvl=wfh3%2FWR%2BqxkadbH3CysQuQ%3D%3D	espana-easp26-036-422a2b6536_pliego_tecnico.pdf	2026-09-28T13:23:30+00:00
L41-26	42972000, 39224000	Publicada	2026-10-05	Suministro de cepillos para barredoras de ESMASA, por tracto sucesivo, mediante precios unitarios y presupuesto máximo estimativo	52200.0	-1.0	52200.0	Suministro de cepillos para barredoras de ESMASA, por tracto sucesivo, mediante precios unitarios y presupuesto máximo estimativo	Consejo de Administración de la Empresa de Servicios Municipales de Alcorcón, S.A.U.	"Suministros
Adquisición"	Madrid / Espana	NotFound	No	Electrónica	No tecnológica	España	https://contrataciondelestado.es/wps/poc?uri=deeplink:detalle_licitacion&idEvl=fA0Aeb2HT3CopEMYCmrbmw%3D%3D	espana-l41-26-eaf0e9208e_pliego_tecnico.pdf	2026-09-28T13:23:30+00:00
URA/020A/2026	No disponible	Abierto / Plazo de presentación	2100-12-31	La Gobernanza y la Coordinación de la Estrategia de Capacitación de la Ciudadanía Vasca para la Autoprotección ante Inundaciones	128.0	-1.0	-1.0	La Gobernanza y la Coordinación de la Estrategia de Capacitación de la Ciudadanía Vasca para la Autoprotección ante Inundaciones	Gobierno Vasco	Servicios	Euskadi	NotFound	No disponible	NotFound	No tecnológica	Euskadi	https://www.contratacion.euskadi.eus/webkpe00-kpeperfi/es/contenidos/anuncio_contratacion/expgeura227534/es_doc/index.html	No disponible	2026-09-28T13:23:30+00:00
URA/017A/2026	No disponible	Abierto / Plazo de presentación	2100-12-31	Definicion, implantacion y seguimiento del Plan Rector del la Agencia Vasca del Agua.	300.0	-1.0	-1.0	Definicion, implantacion y seguimiento del Plan Rector del la Agencia Vasca del Agua.	Gobierno Vasco	Servicios	Euskadi	NotFound	No disponible	NotFound	No tecnológica	Euskadi	https://www.contratacion.euskadi.eus/webkpe00-kpeperfi/es/contenidos/anuncio_contratacion/expgeura225487/es_doc/index.html	No disponible	2026-09-28T13:23:30+00:00
URA/018A/2026	No disponible	Abierto / Plazo de presentación	2100-12-31	Asistencia Tecnica a la Direccion de las obras del proyecto de defensa contra inundaciones del rio Cadagua a su paso por Sodupe en T.M. de Gueñes	255.33	-1.0	-1.0	Asistencia Tecnica a la Direccion de las obras del proyecto de defensa contra inundaciones del rio Cadagua a su paso por Sodupe en T.M. de Gueñes	Gobierno Vasco	Servicios	Euskadi	NotFound	No disponible	NotFound	No tecnológica	Euskadi	https://www.contratacion.euskadi.eus/webkpe00-kpeperfi/es/contenidos/anuncio_contratacion/expgeura226776/es_doc/index.html	No disponible	2026-09-28T13:23:30+00:00
URA/006/2026	No disponible	Abierto / Plazo de presentación	2100-12-31	Reposición de una rampa piscícola en el molino de Armaola en el río Oria en Segura (Gipuzkoa).	78566.34	-1.0	-1.0	Reposición de una rampa piscícola en el molino de Armaola en el río Oria en Segura (Gipuzkoa).	Gobierno Vasco	Obras	Euskadi	NotFound	No disponible	NotFound	No tecnológica	Euskadi	https://www.contratacion.euskadi.eus/webkpe00-kpeperfi/es/contenidos/anuncio_contratacion/expgeura226909/es_doc/index.html	No disponible	2026-09-28T13:23:30+00:00
URA/005/2026	No disponible	Abierto / Plazo de presentación	2100-12-31	Construcción de una rampa para peces en el río Oria a su paso por Zegama (Gipuzkoa).	78124.95	-1.0	-1.0	Construcción de una rampa para peces en el río Oria a su paso por Zegama (Gipuzkoa).	Gobierno Vasco	Obras	Euskadi	NotFound	No disponible	NotFound	No tecnológica	Euskadi	https://www.contratacion.euskadi.eus/webkpe00-kpeperfi/es/contenidos/anuncio_contratacion/expgeura226905/es_doc/index.html	No disponible	2026-09-28T13:23:30+00:00
URA/0001SDA/2025	No disponible	Abierto / Plazo de presentación	2100-12-31	Suministro de material para las estaciones hidrometeorológicas y de calidad, así como para las estaciones de la red de aguas subterráneas de la Agencia Vasca del Agua-URA	290.0	-1.0	-1.0	Suministro de material para las estaciones hidrometeorológicas y de calidad, así como para las estaciones de la red de aguas subterráneas de la Agencia Vasca del Agua-URA	Gobierno Vasco	Suministros	Euskadi	NotFound	No disponible	NotFound	No tecnológica	Euskadi	https://www.contratacion.euskadi.eus/webkpe00-kpeperfi/es/contenidos/anuncio_contratacion/expjaso577455/es_doc/index.html	No disponible	2026-09-28T13:23:30+00:00
P/SER-033511/2026	92312000	En plazo	2026-10-06	Servicio de atención por videollamada, por actores que interpreten el papel de Reyes Magos, pajes reales y duendes de navidad, a los niños madrileños que soliciten presentar su carta a los Reyes para la Navidad del 2026-2027 como promoci...	195702.14	236799.59	-1.0	012 Reyes Magos 2026-2027	NotFound	Servicios	Madrid / Comunidad De Madrid	NotFound	No	Electrónica	No tecnológica	Comunidad de Madrid	https://contratos-publicos.comunidad.madrid/contrato-publico/012-reyes-magos-2026-2027	No disponible	2026-09-28T13:23:30+00:00
A/SER-033831/2026	71247000	En plazo	2026-10-08	Servicios de Dirección Facultativa (Dirección de Obra, Dirección de Ejecución de Obra y Coordinación de Seguridad Y Salud) de las Obras de Reforma y Acondicionamiento de un espacio para las nuevas instalaciones del Banco De Sangre, Criop...	59942.3	72530.18	59942.3	Servicios de Dirección Facultativa (Dirección de Obra, Dirección de Ejecución de Obra y Coordinación de Seguridad Y Salud) de las Obras de Reforma y Acondicionamiento de un espacio para las nuevas instalaciones del Banco De Sangre, Criopreservación y Depósitos de Gases Medicinales en el Hospital General Universitario Gregorio Marañón	NotFound	Servicios	Madrid / Comunidad De Madrid	NotFound	No	Electrónica	No tecnológica	Comunidad de Madrid	https://contratos-publicos.comunidad.madrid/contrato-publico/servicios-direccion-facultativa-direccion-obra-direccion-ejecucion-obra	No disponible	2026-09-28T13:23:30+00:00
PAS-SUM 101/26	33168000, 33168100	En plazo	2026-10-08	Este contrato tiene por objeto el Suministro, instalación y puesta en funcionamiento de una torre de videocistoscopia, 3 videocistoscopios flexibles reutilizables y 1 cistoscopio rígido reutilizable para el Servicio de Urología del Hospi...	70247.93	85000.0	70247.93	Suministro, instalación y puesta en funcionamiento de una torre de videocistoscopia, 3 videocistoscopios flexibles reutilizables y 1 cistoscopio rígido reutilizable para el servicio de urología del Hospital Universitario Fundación Alcorcón a adjudicar por procedimiento abierto simplificado con pluralidad de criterios	NotFound	Suministros	Madrid / Comunidad De Madrid	NotFound	No	Electrónica	No tecnológica	Comunidad de Madrid	https://contratos-publicos.comunidad.madrid/contrato-publico/suministro-instalacion-puesta-funcionamiento-torre-videocistoscopia-3	No disponible	2026-09-28T13:23:30+00:00
A/SER-033834/2026	71247000	En plazo	2026-10-08	Contrato de Servicios de Dirección Facultativa (Dirección de Obra, Dirección de Ejecución de Obra y Coordinación de Seguridad y Salud) de las obras de reforma y acondicionamiento de un espacio en la planta tercera del Hospital Oncológico...	57121.03	69116.45	57121.03	Contrato de Servicios de Dirección Facultativa (Dirección de Obra, Dirección de Ejecución de Obra y Coordinación de Seguridad y Salud) de las obras de reforma y acondicionamiento de un espacio en la planta tercera del Hospital Oncológico perteneciente al Hospital General Universitario Gregorio Marañón para construir cuatro habitaciones de terapia metabólica y su correspondiente sistema de decaimiento radioactivo en sótano del edificio.	NotFound	Servicios	Madrid / Comunidad De Madrid	NotFound	No	Electrónica	No tecnológica	Comunidad de Madrid	https://contratos-publicos.comunidad.madrid/contrato-publico/contrato-servicios-direccion-facultativa-direccion-obra-direccion-ejecucion-obra	No disponible	2026-09-28T13:23:30+00:00
APPs-RM-2026	72000000	En plazo	2026-10-06	El objeto de la presente licitación es la contratación de una bolsa de horas (en adelante servicios o consultoría o bolsa de horas) que permita el mantenimiento y mejora de los aplicativos que se mencionan más adelante, estas aplicacione...	24000.0	29040.0	24000.0	Consultoría técnica de aplicaciones de gestión de la red REDIMadrid	NotFound	Servicios	Madrid / Comunidad De Madrid	NotFound	No	Manual	Servicios y mantenimiento TI	Comunidad de Madrid	https://contratos-publicos.comunidad.madrid/contrato-publico/consultoria-tecnica-aplicaciones-gestion-red-redimadrid	No disponible	2026-09-28T13:23:30+00:00
PAS 41-2026	39112000	En plazo	2026-10-06	El objeto del presente pliego es la contratación del suministro, envío y montaje de sillas ergonómicas para la Fundación. La prestación del suministro se realizará de acuerdo con los requerimientos y condiciones estipuladas en el Pliego ...	24000.0	29040.0	24000.0	Contrato de suministro de sillas ergonómicas para la fundación para la investigación biomédica del hospital universitario la paz, a adjudicar por procedimiento abierto simplificado mediante pluralidad de criterios. Expediente PAS 41-2026.	NotFound	Suministros	Madrid / Comunidad De Madrid	NotFound	No	Electrónica	No tecnológica	Comunidad de Madrid	https://contratos-publicos.comunidad.madrid/contrato-publico/contrato-suministro-sillas-ergonomicas-fundacion-investigacion-biomedica-hospital	No disponible	2026-09-28T13:23:30+00:00
A/SUM-033646/2026	33192200	En plazo	2026-10-06	Suministro, instalación y puesta en funcionamiento de una Mesa de Tallado para el Servicio de Anatomía Patológica del Hospital Universitario de Móstoles.	61000.0	73810.0	61000.0	Suministro, instalación y puesta en funcionamiento de una Mesa de Tallado para el Servicio de Anatomía Patológica del Hospital Universitario de Móstoles.	NotFound	Suministros	Madrid / Comunidad De Madrid	NotFound	No	Electrónica	No tecnológica	Comunidad de Madrid	https://contratos-publicos.comunidad.madrid/contrato-publico/suministro-instalacion-puesta-funcionamiento-mesa-tallado-servicio-anatomia	No disponible	2026-09-28T13:23:30+00:00
PASA SUM 2026-27HUIC	33100000	En plazo	2026-10-01	Suministro, instalación y puesta en funcionamiento de un sistema automatizado de montaje de cubreobjetos, para el servicio de Anatomía Patológica del Hospital Universitario Infanta Cristina. A adjudicar por procedimiento abierto simplifi...	56100.3	67881.36	56100.3	Suministro, instalación y puesta en funcionamiento de un sistema automatizado de montaje de cubreobjetos, para el servicio de Anatomía Patológica del Hospital Universitario Infanta Cristina A adjudicar por procedimiento abierto simplificado abreviado	NotFound	Suministros	Madrid / Comunidad De Madrid	NotFound	No	Electrónica	No tecnológica	Comunidad de Madrid	https://contratos-publicos.comunidad.madrid/contrato-publico/suministro-instalacion-puesta-funcionamiento-sistema-automatizado-montaje	No disponible	2026-09-28T13:23:30+00:00
A/SUM-023854/2026	34144210	En plazo	2026-10-08	Suministro de vehículos Autobombas Rurales Pesadas (BRP) seminuevas (máximo de 12 unidades) con destino al Cuerpo de Bomberos de la Comunidad de Madrid	960000.0	1161600.0	960000.0	Suministro de vehículos Autobombas Rurales Pesadas (BRP) seminuevas (máximo de 12 unidades) con destino al Cuerpo de Bomberos de la Comunidad de Madrid	NotFound	Suministros	Madrid / Comunidad De Madrid	NotFound	No	Electrónica	No tecnológica	Comunidad de Madrid	https://contratos-publicos.comunidad.madrid/contrato-publico/suministro-vehiculos-autobombas-rurales-pesadas-brp-seminuevas-maximo-12-unidades	No disponible	2026-09-28T13:23:30+00:00
FIB 2026/025	50324100, 50324200	En plazo	2026-10-06	Servicio de mantenimiento preventivo del microscopio óptico confocal ZEISS LSM 510 COMBI Y ESTATIVO INVERTIDO AXIOVERT 200M , instalado en el Centro de Investigación del centro y propiedad de la Fundación de Investigación Biomédica del H...	2040.0	2468.4	6120.0	Servicio de mantenimiento preventivo del microscopio óptico confocal  ZEISS LSM 510 COMBI y estativo invertido AXIOVERT 200M Exp FIB 2026/025	NotFound	Servicios	Madrid / Comunidad De Madrid	NotFound	No	Electrónica	No tecnológica	Comunidad de Madrid	https://contratos-publicos.comunidad.madrid/contrato-publico/servicio-mantenimiento-preventivo-microscopio-optico-confocal-zeiss-lsm-510-combi	No disponible	2026-09-28T13:23:30+00:00
2026-0382-INF	92221000	En plazo	2026-10-06	RTVM precisa la contratación del servicio de asistencias técnicas para los eventos de la misa de la Almudena el 9 de noviembre y encendido de las luces de navidad de Madrid el 21 de noviembre de 2026.	69442.26	84025.13	83330.71	Servicio de Eventos de la Misa de la Almudena el 9 de noviembre y Encendido de las luces de Navidad el 21 de noviembre de 2026	NotFound	Servicios	Madrid / Comunidad De Madrid	NotFound	No	Electrónica	No tecnológica	Comunidad de Madrid	https://contratos-publicos.comunidad.madrid/contrato-publico/servicio-eventos-misa-almudena-9-noviembre-encendido-luces-navidad-21-noviembre	No disponible	2026-09-28T13:23:30+00:00
PAS 42-2026	66512100	En plazo	2026-10-06	El objeto del presente pliego es establecer las condiciones técnicas mínimas que regirán la contratación de un Seguro Colectivo de Accidentes destinado a la protección de los alumnos dados de alta en el colectivo, garantizando la cobertu...	1622.25	1622.25	8111.25	Contrato de servicio de seguro colectivo de accidentes para la protección de los alumnos, para la fundación para la investigación biomédica del hospital universitario la paz, a adjudicar por procedimiento abierto simplificado mediante pluralidad de criterios. Expediente pas 42-2026.	NotFound	Servicios	Madrid / Comunidad De Madrid	NotFound	No	Electrónica	No tecnológica	Comunidad de Madrid	https://contratos-publicos.comunidad.madrid/contrato-publico/contrato-servicio-seguro-colectivo-accidentes-proteccion-alumnos-fundacion	No disponible	2026-09-28T13:23:30+00:00
A/SUM-031265/2026	32000000	En plazo	2026-10-06	Suministro de productos de comunicación aumentativa y alternativa para centros adscritos a la Agencia Madrileña de Atención Social (lote único)	115695.0	127264.5	115695.0	Suministro de productos de comunicación aumentativa y alternativa para centros adscritos a la Agencia Madrileña de Atención Social (lote único)	NotFound	Suministros	Madrid / Comunidad De Madrid	NotFound	No	Electrónica	No tecnológica	Comunidad de Madrid	https://contratos-publicos.comunidad.madrid/contrato-publico/suministro-productos-comunicacion-aumentativa-alternativa-centros-adscritos	No disponible	2026-09-28T13:23:30+00:00
A/SUM-033360/2026	33169100	En plazo	2026-10-06	Suministro, montaje y puesta a disposición de un sistema láser quirurgico de dioxido de carbono (CO2) para el bloque quirúrgico del Hospital Universitario Severo Ochoa	84264.0	101959.44	84264.0	Suministro, montaje y puesta a disposición de un sistema de laser quirurgico de dioxido de carbono (CO2) para el bloque quirúrgico del Hospital Universitario Severo Ochoa	NotFound	Suministros	Madrid / Comunidad De Madrid	NotFound	No	Electrónica	No tecnológica	Comunidad de Madrid	https://contratos-publicos.comunidad.madrid/contrato-publico/suministro-montaje-puesta-disposicion-sistema-laser-quirurgico-dioxido-carbono-co2	No disponible	2026-09-28T13:23:30+00:00
A/SUM-037364/2026	33100000	En plazo	2026-10-05	Suministros, instalación y puesta en marcha de cuatro equipos de anestesia de gama media y cuatro monitores hemodinámicos	180000.0	217800.0	180000.0	Suministros, instalación y puesta en marcha de cuatro equipos de anestesia de gama media y cuatro monitores hemodinámicos	NotFound	Suministros	Madrid / Comunidad De Madrid	NotFound	No	Electrónica	No tecnológica	Comunidad de Madrid	https://contratos-publicos.comunidad.madrid/contrato-publico/suministros-instalacion-puesta-marcha-cuatro-equipos-anestesia-gama-media-cuatro	No disponible	2026-09-28T13:23:30+00:00
A/SER-037325/2026	79710000, 79714000	En plazo	2026-10-02	El presente contrato tendrá por objeto la prestación del servicio de seguridad y vigilancia en el inmueble sito en la C/ Alcalá 30-32 de Madrid, conforme a las prescripciones establecidas en el Pliego de Prescripciones Técnicas Particula...	403802.53	488601.06	403802.53	Seguridad y vigilancia en el edificio de c/ Alcalá 30-32, sede de la Consejería de Educación, Ciencia y Universidades de la Comunidad de Madrid	NotFound	Servicios	Madrid / Comunidad De Madrid	NotFound	No	Electrónica	No tecnológica	Comunidad de Madrid	https://contratos-publicos.comunidad.madrid/contrato-publico/seguridad-vigilancia-edificio-c-alcala-30-32-sede-consejeria-educacion-ciencia	No disponible	2026-09-28T13:23:30+00:00
PA SUM 087/26	33157400	En plazo	2026-10-02	Suministro, instalación y puesta en funcionamiento de 6 respiradores invasivos para la Unidad de Cuidados Críticos Quirúrgicos (UCC-Q) para el Servicio de Anestesia y Reanimación del Hospital Universitario Fundación Alcorcón, cuyas carac...	207348.84	250892.1	-1.0	Suministro, instalación y puesta en funcionamiento de: 6 respiradores invasivos para la unidad de cuidados críticos quirúrgicos (UCC-Q) del servicio de anestesia y reanimación del Hospital Universitario Fundación Alcorcón a adjudicar por procedimiento abierto con pluralidad de criterios	NotFound	Suministros	Madrid / Comunidad De Madrid	NotFound	No	Electrónica	No tecnológica	Comunidad de Madrid	https://contratos-publicos.comunidad.madrid/contrato-publico/suministro-instalacion-puesta-funcionamiento-6-respiradores-invasivos-unidad	No disponible	2026-09-28T13:23:30+00:00
HUH PAS SUM 2026/07	33192230	En plazo	2026-10-05	Suministro, instalación y puesta en funcionamiento de 4 monitores fetales para el servicio de Paritorio en el Hospital Universitario del Henares.	78000.0	-1.0	-1.0	Suministro, instalación y puesta en funcionamiento de 4 monitores fetales para el servicio de Paritorio en el Hospital Universitario del Henares.	NotFound	Suministros	Madrid / Comunidad De Madrid	NotFound	No	Electrónica	No tecnológica	Comunidad de Madrid	https://contratos-publicos.comunidad.madrid/contrato-publico/suministro-instalacion-puesta-funcionamiento-4-monitores-fetales-servicio	No disponible	2026-09-28T13:23:30+00:00
A/SUM-024002/2026	39313000	En plazo	2026-10-02	Suministro de menaje de cocina para varios centros adscritos a la Agencia Madrileña de Atención Social (2 Lotes)	79665.0	96394.65	79665.0	Suministro de menaje de cocina para varios centros a la Agencia Madrileña de Atención Social (2 lotes)	NotFound	Suministros	Madrid / Comunidad De Madrid	NotFound	No	Electrónica	No tecnológica	Comunidad de Madrid	https://contratos-publicos.comunidad.madrid/contrato-publico/suministro-menaje-cocina-varios-centros-agencia-madrilena-atencion-social-2-lotes	No disponible	2026-09-28T13:23:30+00:00
PASA HUPA 132/26	33100000	En plazo	2026-10-02	Adquisición, Instalación y Puesta en Marcha de dos Equipos de Ventilación Mecánica para el Servicio de Anestesiología, Reanimación y Terapéutica del Dolor del Hospital Universitario	40000.0	48400.0	40000.0	Equipos de Ventilación Mecáica	NotFound	Suministros	Madrid / Comunidad De Madrid	NotFound	No	Electrónica	No tecnológica	Comunidad de Madrid	https://contratos-publicos.comunidad.madrid/contrato-publico/equipos-ventilacion-mecaica	No disponible	2026-09-28T13:23:30+00:00
A/SUM-033123/2026	33100000	En plazo	2026-09-28	Instalación y puesta en marcha de un ecobroncoscopio radial para Servicio de Neumología	39669.42	48000.0	39669.42	Instalación y puesta en marcha  de un ecobroncoscopio radial para el Servicio de Neumología  del Hospital Universitario Infanta Sofia	NotFound	Suministros	Madrid / Comunidad De Madrid	NotFound	No	Electrónica	No tecnológica	Comunidad de Madrid	https://contratos-publicos.comunidad.madrid/contrato-publico/instalacion-puesta-marcha-ecobroncoscopio-radial-servicio-neumologia-hospital	No disponible	2026-09-28T13:23:30+00:00
A/SUM-036824/2026	33172100	En plazo	2026-10-05	Suministro, instalación y puesta en marcha de equipos de equipos de anestesia de gama media y de monitores para los equipos de anestesia con destino al servicio de anestesia del Hospital Universitario Puerta de Hierro Majadahonda.	765000.0	925650.0	765000.0	Suministro, instalación y puesta en marcha de equipos de anestesia de gama media y de monitores para los equipos de anestesia con destino al servicio de anestesia del Hospital Universitario Puerta de Hierro Majadahonda	NotFound	Suministros	Madrid / Comunidad De Madrid	NotFound	No	Electrónica	No tecnológica	Comunidad de Madrid	https://contratos-publicos.comunidad.madrid/contrato-publico/suministro-instalacion-puesta-marcha-equipos-anestesia-gama-media-monitores	No disponible	2026-09-28T13:23:30+00:00
A/SUM-040189/2026	33195100	En plazo	2026-10-05	El objeto del presente expediente es el suministro, instalación y puesta en funcionamiento de una solución avanzada de monitorización con destino a la UCI Quirúrgica del Hospital Universitario Puerta de Hierro.	390000.0	471900.0	-1.0	Suministro, instalación y puesta en funcionamiento de sistemas de monitorización para la unidad de UCI Quirúrgica del Hospital Universitario Puerta de Hierro Majadahonda	NotFound	Suministros	Madrid / Comunidad De Madrid	NotFound	No	Electrónica	No tecnológica	Comunidad de Madrid	https://contratos-publicos.comunidad.madrid/contrato-publico/suministro-instalacion-puesta-funcionamiento-sistemas-monitorizacion-unidad-uci-0	No disponible	2026-09-28T13:23:30+00:00
A/SER-033165/2026 (036/2027)	85311100, 80570000, 80561000, 80533000, 92000000	En plazo	2026-10-06	El presente contrato de servicios tiene por objeto regular las condiciones técnicas, obligaciones y actividades que deben ser asumidas e implementadas por la entidad o entidades que resulten adjudicatarias de cualquiera de los lotes de T...	100392.0	110431.2	220862.4	Talleres de envejecimiento activo de la Dirección General de Atención al Mayor y a la Dependencia de la Comunidad de Madrid (4 lotes)	NotFound	Servicios	Madrid / Comunidad De Madrid	NotFound	No	Electrónica	No tecnológica	Comunidad de Madrid	https://contratos-publicos.comunidad.madrid/contrato-publico/talleres-envejecimiento-activo-direccion-general-atencion-mayor-dependencia-0	No disponible	2026-09-28T13:23:30+00:00
A/SER-035447/2026 (046/2027)	85311000, 85312000	En plazo	2026-10-06	El presente contrato tiene por objeto determinar las condiciones y términos en los que se prestarán las distintas modalidades del Proyecto “VIAS VIVIENDA, ITINERARIOS Y ACOMPAÑAMIENTO SOCIAL PARA LA INTEGRACIÓN” para personas en situació...	1967496.0	2164245.6	4918740.0	Vías vivienda, itinerarios y acompañamiento social para la integración, cofinanciado en un 40% por el Fondo Social Europeo Plus 2021-2027	NotFound	Servicios	Madrid / Comunidad De Madrid	NotFound	Fondo Social Europeo Plus	Electrónica	No tecnológica	Comunidad de Madrid	https://contratos-publicos.comunidad.madrid/contrato-publico/vias-vivienda-itinerarios-acompanamiento-social-integracion-cofinanciado-40-fondo	No disponible	2026-09-28T13:23:30+00:00
A/SER-027338/2026	72316000	En plazo	2026-10-01	Este contrato tiene por objeto la realización de la integración de la información que aportan los diferentes indicadores relativos a la salud mental y adicciones, todo ello dentro de la vigilancia, análisis y control de las condiciones d...	164933.39	199569.4	329866.78	Servicios de apoyo a la elaboración de indicadores epidemiológicos de salud mental en la Comunidad de Madrid.	NotFound	Servicios	Madrid / Comunidad De Madrid	NotFound	No	Electrónica	Servicios y mantenimiento TI	Comunidad de Madrid	https://contratos-publicos.comunidad.madrid/contrato-publico/servicios-apoyo-elaboracion-indicadores-epidemiologicos-salud-mental-comunidad	No disponible	2026-09-28T13:23:30+00:00
A/SER-034100/2026	79710000	En plazo	2026-10-05	Vigilancia y seguridad en las Oficinas de Empleo de la Consejería de Economía, Hacienda y Empleo de la Comunidad de Madrid.	3253170.53	3936336.34	7156975.17	Vigilancia y seguridad en las Oficinas de Empleo de la Consejería de Economía, Hacienda y Empleo de la Comunidad de Madrid.	NotFound	Servicios	Madrid / Comunidad De Madrid	NotFound	No	Electrónica	No tecnológica	Comunidad de Madrid	https://contratos-publicos.comunidad.madrid/contrato-publico/vigilancia-seguridad-oficinas-empleo-consejeria-economia-hacienda-empleo-4	No disponible	2026-09-28T13:23:30+00:00
A/SUM-037956/2026	33157400	En plazo	2026-10-01	Adquisición, el suministro e instalación de 6 respiradores de Invasiva y tomografía por impedancia eléctrica para el Servicio de Medicina Intensiva del Hospital Universitario Puerta de Hierro Majadahonda.	228000.0	275880.0	228000.0	Suministro, Instalación y Puesta En Funcionamiento de Respiradores de Invasiva y Tomografía por Impedancia Eléctrica para el Servicio de Medicina Intensiva del Hospital Universitario Puerta de Hierro	NotFound	Suministros	Madrid / Comunidad De Madrid	NotFound	No	Electrónica	No tecnológica	Comunidad de Madrid	https://contratos-publicos.comunidad.madrid/contrato-publico/suministro-instalacion-puesta-funcionamiento-respiradores-invasiva-tomografia	No disponible	2026-09-28T13:23:30+00:00
S_2026_017	79952000, 79934000, 45421150	En plazo	2026-10-08	El objeto del contrato es el diseño y construcción, montaje, mantenimiento, desmontaje y retirada del Ágora madri+d así como la instalación y retirada de una carpa en régimen de alquiler; y 10 minicarpas de 3x3, un stand-aula oscurecida ...	95000.0	114950.0	95000.0	S_2026_017_Diseño, construcción, montaje, mantenimiento, desmontaje y retirada del Ágora madri+d	NotFound	Servicios	Madrid / Comunidad De Madrid	NotFound	No	Manual	No tecnológica	Comunidad de Madrid	https://contratos-publicos.comunidad.madrid/contrato-publico/s2026017diseno-construccion-montaje-mantenimiento-desmontaje-retirada-agora-madrid	No disponible	2026-09-28T13:23:30+00:00
C-332A/005-26 (A/SER-035722/2026)	79956000	En plazo	2026-10-07	Servicio de montaje, desmontaje y mantenimiento de la exposición “Gabriel Carvajal-Arganzuela. Un recorrido visual por nuestro barrio”, que se celebrará en el espacio Zonacero del Archivo Regional de la Comunidad de Madrid	29920.44	36203.73	29920.44	Montaje, mantenimiento y desmontaje de la exposición “Gabriel Carvajal-Arganzuela. Un recorrido visual por nuestro barrio”	NotFound	Servicios	Madrid / Comunidad De Madrid	NotFound	No	Electrónica	No tecnológica	Comunidad de Madrid	https://contratos-publicos.comunidad.madrid/contrato-publico/montaje-mantenimiento-desmontaje-exposicion-gabriel-carvajal-arganzuela-recorrido	No disponible	2026-09-28T13:23:30+00:00
